SITE,DATE,TIME,TYPE,SEASON,SIZE,GEO,FLOWCMS,Cl,TDS,TSS,S04,TotAlk,Hard,CdDis,CdTot,DFCr,CrDis,CrTot,DFCr,CuDis,CuTot,DFCu,FeDis,FeTot,DFFe,PbDis,PbTot,DFPb,MnDis,MnTot,DFMn,NiDis,NiTot,DFNi,SeDis,SeTot,DFSe,ZnDis,ZnTot,DFZn
ACC,5/22/2012,9:15,D,S,M,IM,0.006,25.23,257.35,0.50,48.46,103.50,114.60,0.003,0.003,0.00,0.035,0.020,1.00,0.35,0.21,1.00,71.30,105.65,0.00,0.012,0.023,0.00,8.80,11.56,0.00,0.69,0.78,0.00,0.135,0.100,1.000,0.35,0.56,0.00
ACC,6/5/2012,8:30,D,S,M,IM,0.000,29.11,356.00,0.80,51.63,115.30,118.20,0.003,0.003,0.00,0.060,0.010,1.00,0.23,0.22,1.00,63.68,96.29,0.00,0.035,0.055,0.00,14.23,19.86,0.00,0.85,0.84,1.00,0.110,0.110,0.000,1.03,1.89,0.00
ACC,1/31/2013,12:00,D,W,M,IM,0.052,29.84,308.00,0.03,83.93,100.50,125.00,0.009,0.010,0.00,0.065,0.020,1.00,0.57,0.59,0.00,30.29,36.93,0.00,0.008,0.050,0.00,7.65,9.00,0.00,0.69,0.79,0.00,0.660,0.690,0.000,1.48,1.55,0.00
ACC,2/13/2013,12:10,D,W,M,IM,0.014,29.25,291.00,0.03,85.40,86.10,132.00,0.003,0.013,0.00,0.155,0.200,0.00,0.19,0.72,0.00,24.84,75.67,0.00,0.006,0.035,0.00,8.36,19.73,0.00,0.55,0.60,0.00,0.010,0.460,0.000,0.50,0.62,0.00
ACC,2/26/2013,13:20,D,W,M,IM,0.020,28.47,268.00,0.03,76.15,82.00,114.00,0.003,0.003,0.00,0.005,0.005,0.00,0.66,0.27,1.00,22.46,30.25,0.00,0.012,0.003,1.00,5.64,6.62,0.00,0.54,0.61,0.00,0.240,0.355,0.000,1.70,2.73,0.00
ACC,3/13/2013,8:45,D,W,M,IM,0.017,26.00,269.00,1.00,64.50,83.10,106.50,0.007,0.014,0.00,0.060,0.050,1.00,1.00,1.00,0.00,12.00,22.00,0.00,0.003,0.005,0.00,1.00,5.00,0.00,1.00,1.00,0.00,0.020,0.020,0.000,2.00,2.00,0.00
ACC,3/26/2013,9:45,D,W,M,IM,0.012,29.25,318.00,0.03,83.82,82.00,123.50,0.013,0.003,1.00,0.040,0.020,1.00,0.62,0.68,0.00,24.27,36.98,0.00,0.006,0.015,0.00,7.32,9.37,0.00,0.72,0.80,0.00,0.170,0.330,0.000,0.70,1.71,0.00
ACC,4/9/2013,9:25,D,S,M,IM,0.009,27.71,287.00,0.03,77.45,75.85,129.40,0.010,0.006,0.00,0.030,0.040,0.00,0.61,0.55,1.00,21.48,39.30,0.00,0.006,0.021,0.00,6.03,8.34,0.00,0.75,0.79,0.00,0.160,0.170,0.000,0.68,1.86,0.00
ACC,4/23/2013,10:45,D,S,M,IM,0.008,29.84,336.50,0.03,85.85,100.50,143.50,0.010,0.003,1.00,0.040,0.050,0.00,0.47,0.53,0.00,18.26,32.75,0.00,0.003,0.012,0.00,6.73,9.67,0.00,0.74,0.78,0.00,0.120,0.140,0.000,0.66,1.35,0.00
ACC,5/10/2013,10:55,D,S,M,IM,0.008,30.16,300.00,0.50,73.87,100.40,129.60,0.003,0.003,0.00,0.030,0.055,0.00,1.27,0.48,1.00,19.25,23.72,0.00,0.003,0.010,0.00,3.17,4.33,0.00,0.74,0.74,0.00,0.090,0.150,0.000,0.34,0.78,0.00
CONC,5/23/2013,10:00,D,S,L,IM,0.000,90.30,460.00,2.45,28.15,252.13,261.50,0.005,0.005,0.00,0.045,0.025,1.00,0.19,0.20,0.00,69.12,142.70,0.00,0.003,0.020,0.00,17.59,31.57,0.00,0.21,0.25,0.00,0.105,0.125,0.000,0.27,0.58,0.00
CONC,6/8/2013,10:25,D,S,L,IM,0.001,109.35,338.70,1.85,23.13,285.00,297.25,0.079,0.005,1.00,0.105,0.070,1.00,0.36,0.38,0.00,63.28,213.47,0.00,0.009,0.016,0.00,141.06,165.49,0.00,0.27,0.28,0.00,0.100,0.170,0.000,0.38,0.51,0.00
KC,4/9/2012,10:10,D,S,M,IM,0.005,25.04,230.00,0.03,8.81,183.60,165.00,0.003,0.003,0.00,0.060,0.075,0.00,0.31,0.28,1.00,28.80,48.39,0.00,0.014,0.012,0.00,3.76,4.70,0.00,0.21,0.22,0.00,0.060,0.060,0.000,14.66,17.33,0.00
KC,4/23/2012,11:00,D,S,M,IM,0.005,23.97,242.70,0.03,8.04,178.00,158.30,0.003,0.003,0.00,0.190,0.090,1.00,0.32,0.22,1.00,40.87,62.55,0.00,0.003,0.011,0.00,5.47,7.19,0.00,0.19,0.21,0.00,0.070,0.060,1.000,55.09,61.84,0.00
KC,5/7/2012,10:40,D,S,M,IM,0.005,23.76,269.30,0.03,7.45,185.20,168.40,0.003,0.003,0.00,0.070,0.050,1.00,0.26,0.27,0.00,25.70,44.93,0.00,0.003,0.010,0.00,2.80,4.74,0.00,0.19,0.19,0.00,0.070,0.050,1.000,28.31,33.68,0.00
KC,5/21/2012,11:45,D,S,M,IM,0.005,24.90,260.00,0.80,6.94,187.60,170.50,0.003,0.003,0.00,0.080,0.060,1.00,0.19,0.30,0.00,24.50,42.60,0.00,0.006,0.021,0.00,1.90,4.30,0.00,0.23,0.22,1.00,0.070,0.080,0.000,0.36,0.66,0.00
KC,6/7/2012,10:23,D,S,M,IM,0.006,25.49,268.65,1.80,6.53,188.60,177.60,0.003,0.003,0.00,0.100,0.100,0.00,0.30,0.34,0.00,39.10,84.05,0.00,0.003,0.020,0.00,4.60,8.70,0.00,0.20,0.20,0.00,0.050,0.080,0.000,0.30,0.55,0.00
KC,6/18/2012,10:25,D,S,M,IM,0.030,24.95,295.30,0.58,4.94,194.75,178.35,0.005,0.005,0.00,0.240,0.080,1.00,0.22,0.23,0.00,72.74,108.14,0.00,0.003,0.012,0.00,3.65,6.77,0.00,0.18,0.21,0.00,0.055,0.050,0.000,0.30,0.21,1.00
KC,1/31/2013,8:15,D,W,M,IM,0.006,30.41,295.00,0.03,14.87,194.80,172.20,0.010,0.003,1.00,0.050,0.050,0.00,0.42,0.42,0.00,12.08,17.24,0.00,0.008,0.003,0.00,1.75,1.89,0.00,0.17,0.24,0.00,0.340,0.270,1.000,50.34,51.88,0.00
KC,2/13/2013,8:40,D,W,M,IM,0.007,27.59,273.00,0.70,11.72,196.80,169.20,0.003,0.003,0.00,0.170,0.090,1.00,0.19,0.53,0.00,11.38,13.91,0.00,0.003,0.007,0.00,2.30,2.71,0.00,0.02,0.01,1.00,0.220,0.270,0.000,0.29,0.18,1.00
KC,2/26/2013,8:40,D,W,M,IM,0.007,.,260.00,0.03,11.34,170.10,163.80,0.003,0.003,0.00,0.005,0.005,0.00,0.42,0.23,1.00,10.74,14.69,0.00,0.009,0.003,1.00,1.94,2.02,0.00,0.18,0.12,1.00,0.160,0.200,0.000,5.88,1.33,1.00
KC,3/14/2013,7:30,D,W,M,IM,0.007,29.25,315.00,0.03,12.10,177.50,174.00,0.008,0.009,0.00,0.150,0.100,1.00,0.91,0.70,1.00,5.75,5.01,1.00,0.007,0.003,0.00,0.66,0.08,1.00,0.30,0.30,0.00,0.490,0.250,1.000,0.13,0.40,0.00
KC,3/26/2013,6:30,D,W,M,IM,0.007,28.26,285.00,0.03,10.09,184.00,166.50,0.007,0.005,0.00,0.100,0.110,0.00,0.68,0.64,1.00,15.90,20.70,0.00,0.003,0.009,0.00,3.57,4.44,0.00,0.22,0.23,0.00,0.110,0.170,0.000,1.63,1.50,1.00
KC,4/9/2013,6:45,D,S,M,IM,0.007,28.45,260.00,0.03,8.26,115.80,169.40,0.009,0.007,0.00,0.070,0.100,0.00,1.11,0.49,1.00,14.50,39.60,0.00,0.007,0.040,0.00,2.85,4.69,0.00,0.19,0.22,0.00,0.080,0.050,1.000,0.45,1.19,0.00
KC,4/23/2013,6:50,D,S,M,IM,0.006,26.74,294.00,0.03,7.35,187.50,178.45,0.010,0.009,0.00,0.090,0.105,0.00,0.49,0.50,0.00,17.56,24.22,0.00,0.003,0.007,0.00,2.84,4.13,0.00,0.21,0.27,0.00,0.050,0.090,0.000,0.32,0.65,0.00
KC,5/10/2013,7:00,D,S,M,IM,0.006,26.48,272.00,15.60,6.12,188.60,175.00,0.007,0.010,0.00,0.090,0.080,1.00,0.88,0.55,1.00,18.90,38.60,0.00,0.003,0.038,0.00,2.73,5.69,0.00,0.22,0.21,1.00,0.050,0.070,0.000,0.30,1.37,0.00
KC,5/21/2013,7:35,D,S,M,IM,0.005,.,268.00,0.03,5.86,188.60,181.60,0.003,0.003,0.00,0.080,0.080,0.00,0.71,0.52,1.00,32.01,46.41,0.00,0.003,0.015,0.00,5.11,6.15,0.00,0.39,0.40,0.00,0.120,0.110,1.000,59.69,69.00,0.00
LCC,4/9/2012,10:30,D,S,S,IM,0.005,19.16,199.00,0.03,4.06,163.20,138.80,0.003,0.003,0.00,0.070,0.080,0.00,0.29,0.45,0.00,54.23,128.53,0.00,0.003,0.020,0.00,6.05,10.48,0.00,0.12,0.13,0.00,0.030,0.040,0.000,18.67,23.70,0.00
LCC,4/23/2012,11:30,D,S,S,IM,0.005,18.34,202.70,1.30,3.74,161.20,134.50,0.003,0.003,0.00,0.080,0.090,0.00,0.12,0.15,0.00,68.95,151.85,0.00,0.003,0.021,0.00,7.03,14.60,0.00,0.05,0.06,0.00,0.060,0.030,1.000,19.80,24.12,0.00
LCC,5/7/2012,11:15,D,S,S,IM,0.005,18.28,238.00,0.50,3.46,165.25,139.50,0.003,0.003,0.00,0.130,0.070,1.00,0.16,0.20,0.00,66.77,123.09,0.00,0.003,0.015,0.00,7.15,11.95,0.00,0.07,0.06,1.00,0.030,0.030,0.000,25.87,30.13,0.00
LCC,5/21/2012,11:15,D,S,S,IM,0.004,19.18,249.30,0.03,3.52,172.20,145.10,0.003,0.003,0.00,0.090,0.090,0.00,0.22,0.18,1.00,61.33,99.22,0.00,0.006,0.014,0.00,6.64,12.23,0.00,0.10,0.11,0.00,0.030,0.040,0.000,0.57,0.68,0.00
LCC,6/7/2012,11:20,D,S,S,IM,0.004,19.70,203.35,1.40,3.98,167.10,154.05,0.003,0.003,0.00,0.100,0.100,0.00,0.21,0.34,0.00,45.15,89.75,0.00,0.003,0.008,0.00,4.34,9.21,0.00,0.08,0.15,0.00,0.030,0.050,0.000,0.08,0.23,0.00
LCC,6/18/2012,11:05,D,S,S,IM,0.003,19.97,119.38,2.00,3.46,174.30,153.80,0.005,0.005,0.00,0.225,0.100,1.00,0.17,0.19,0.00,52.86,140.63,0.00,0.011,0.030,0.00,5.18,18.35,0.00,0.14,0.11,1.00,0.025,0.020,0.000,0.44,0.34,1.00
LCC,7/2/2012,9:15,D,S,S,IM,0.002,21.42,253.30,5.50,3.12,184.50,159.80,0.005,0.005,0.00,0.090,0.080,1.00,0.28,0.19,1.00,71.00,148.67,0.00,0.003,0.015,0.00,1.80,17.22,0.00,0.08,0.09,0.00,0.010,0.020,0.000,0.62,0.49,1.00
LCC,7/16/2012,9:45,D,S,S,IM,0.004,22.28,249.35,1.65,3.22,184.50,163.00,0.005,0.005,0.00,0.140,0.010,1.00,0.21,0.26,0.00,92.42,147.05,0.00,0.007,0.010,0.00,3.13,7.36,0.00,0.09,0.15,0.00,0.040,0.050,0.000,0.49,0.55,0.00
LCC,7/30/2012,9:40,D,S,S,IM,0.008,24.91,298.00,2.07,1.41,213.12,181.20,0.003,0.003,0.00,0.120,0.090,1.00,0.14,0.25,0.00,44.14,95.85,0.00,0.003,0.015,0.00,5.83,9.67,0.00,0.09,0.09,0.00,0.040,0.030,1.000,0.17,0.70,0.00
LCC,1/31/2013,8:50,D,W,S,IM,0.006,24.13,249.00,0.50,5.92,157.90,143.10,0.003,0.005,0.00,0.110,0.020,1.00,0.17,0.22,0.00,24.99,62.24,0.00,0.003,0.005,0.00,4.54,6.39,0.00,0.08,0.08,0.00,0.060,0.080,0.000,19.82,22.98,0.00
LCC,2/13/2013,9:00,D,W,S,IM,0.007,22.04,228.00,0.50,5.33,146.00,148.70,0.003,0.010,0.00,0.100,0.170,0.00,0.11,0.70,0.00,31.90,61.35,0.00,0.003,0.010,0.00,6.35,7.55,0.00,0.01,0.01,0.00,0.010,0.030,0.000,0.22,0.61,0.00
LCC,2/26/2013,9:25,D,W,S,IM,0.007,22.66,223.00,0.50,5.31,161.90,145.20,0.003,0.003,0.00,0.005,0.005,0.00,0.00,0.00,0.00,31.53,56.76,0.00,0.003,0.003,0.00,4.67,5.71,0.00,0.05,0.06,0.00,0.010,0.010,0.000,1.68,3.59,0.00
LCC,3/14/2013,8:00,D,W,S,IM,0.007,23.13,272.00,0.50,5.22,162.00,146.40,0.003,0.003,0.00,0.060,0.070,0.00,0.22,0.15,1.00,11.35,17.69,0.00,0.003,0.003,0.00,0.13,0.41,0.00,0.09,0.09,0.00,0.050,0.030,1.000,0.48,0.66,0.00
LCC,3/26/2013,7:00,D,W,S,IM,0.007,22.41,253.00,0.03,4.82,102.50,141.60,0.003,0.003,0.00,0.040,0.070,0.00,0.35,0.31,1.00,44.78,88.01,0.00,0.003,0.005,0.00,5.38,7.44,0.00,0.05,0.12,0.00,0.010,0.010,0.000,0.23,0.17,1.00
LCC,4/9/2013,7:15,D,S,S,IM,0.007,21.17,217.00,0.03,4.37,153.80,146.40,0.003,0.006,0.00,0.060,0.040,1.00,0.68,0.18,1.00,41.34,74.27,0.00,0.005,0.003,0.00,4.99,6.82,0.00,0.06,0.08,0.00,0.010,0.020,0.000,0.20,0.42,0.00
LCC,4/23/2013,7:30,D,S,S,IM,0.006,20.89,251.00,0.03,4.21,167.10,151.45,0.007,0.008,0.00,0.050,0.060,0.00,0.33,0.30,1.00,33.70,80.99,0.00,0.003,0.008,0.00,4.74,7.19,0.00,0.08,0.09,0.00,0.020,0.030,0.000,0.08,0.96,0.00
LCC,5/10/2013,7:35,D,S,S,IM,0.006,23.02,236.00,0.50,3.80,166.00,147.80,0.006,0.007,0.00,0.060,0.050,1.00,0.51,0.27,1.00,36.86,66.39,0.00,0.023,0.040,0.00,4.60,6.21,0.00,0.09,0.08,0.00,0.050,0.070,0.000,0.34,0.97,0.00
LCC,5/21/2013,8:00,D,S,S,IM,0.005,22.88,221.00,4.40,3.37,159.90,150.00,0.003,0.003,0.00,0.030,0.060,0.00,0.37,0.19,1.00,33.91,112.42,0.00,0.003,0.012,0.00,6.22,11.22,0.00,0.11,0.11,0.00,0.030,0.030,0.000,20.86,23.16,0.00
LCC,6/4/2013,7:15,D,S,S,IM,0.003,22.15,265.00,2.10,2.41,170.20,150.90,0.003,0.003,0.00,0.095,0.080,1.00,0.11,0.13,0.00,75.28,225.16,0.00,0.003,0.014,0.00,14.67,27.64,0.00,0.12,0.13,0.00,0.020,0.030,0.000,1.65,1.01,1.00
PVC,4/9/2012,11:30,D,S,M,IM,0.004,32.86,256.00,0.03,24.18,153.00,155.00,0.003,0.003,0.00,0.095,0.050,1.00,0.46,0.50,0.00,27.81,46.58,0.00,0.009,0.017,0.00,5.70,6.49,0.00,0.50,0.54,0.00,0.220,0.250,0.000,21.38,22.26,0.00
PVC,4/23/2012,12:00,D,S,M,IM,0.004,30.26,241.30,0.50,21.78,144.80,139.10,0.003,0.003,0.00,0.160,0.060,1.00,0.50,0.49,1.00,41.11,74.39,0.00,0.003,0.021,0.00,7.40,9.81,0.00,0.55,0.64,0.00,0.220,0.240,0.000,42.92,48.23,0.00
PVC,5/7/2012,12:00,D,S,M,IM,0.007,31.26,285.00,1.00,26.03,157.10,162.50,0.003,0.003,0.00,0.200,0.045,1.00,0.40,0.43,0.00,49.42,77.24,0.00,0.007,0.013,0.00,7.43,9.21,0.00,0.61,0.61,0.00,0.150,0.165,0.000,22.30,27.59,0.00
PVC,5/21/2012,12:30,D,S,M,IM,0.033,33.84,270.70,0.03,31.84,164.00,168.50,0.003,0.003,0.00,0.070,0.030,1.00,0.26,0.19,1.00,69.82,114.80,0.00,0.007,0.011,0.00,7.75,9.78,0.00,0.61,0.54,1.00,0.150,0.120,1.000,0.63,0.60,1.00
PVC,6/7/2012,12:45,D,S,M,IM,0.005,36.34,257.30,1.60,31.19,162.95,176.40,0.003,0.003,0.00,0.055,0.045,1.00,0.24,0.28,0.00,62.36,135.59,0.00,0.003,0.012,0.00,5.04,11.08,0.00,0.47,0.52,0.00,0.130,0.145,0.000,0.11,0.41,0.00
PVC,6/18/2012,12:25,D,S,M,IM,0.001,39.23,310.00,0.95,27.81,184.55,193.75,0.005,0.005,0.00,0.165,0.045,1.00,0.22,0.20,1.00,66.79,132.53,0.00,0.003,0.012,0.00,4.10,11.64,0.00,0.52,0.52,0.00,0.110,0.115,0.000,0.95,0.17,1.00
PVC,7/2/2012,10:20,D,S,M,IM,0.000,41.83,338.70,1.70,23.07,209.10,209.10,0.005,0.005,0.00,0.130,0.080,1.00,0.34,0.46,0.00,66.91,282.73,0.00,0.003,0.024,0.00,0.41,40.29,0.00,0.50,0.58,0.00,0.150,0.110,1.000,0.54,0.75,0.00
PVC,1/31/2013,10:00,D,W,M,IM,0.003,39.79,332.50,0.03,61.41,121.95,169.70,0.009,0.003,1.00,0.045,0.025,1.00,0.60,0.66,0.00,9.75,15.40,0.00,0.006,0.006,0.00,1.90,2.00,0.00,0.39,0.42,0.00,1.120,1.400,0.000,0.56,0.68,0.00
PVC,2/13/2013,10:10,D,W,M,IM,0.003,40.43,301.00,0.03,61.50,129.00,169.10,0.003,0.012,0.00,0.120,0.140,0.00,0.36,0.94,0.00,13.47,18.95,0.00,0.003,0.003,0.00,2.22,2.76,0.00,0.30,0.33,0.00,0.010,0.930,0.000,0.65,0.27,1.00
PVC,2/26/2013,10:50,D,W,M,IM,0.003,39.94,276.00,0.03,47.53,129.10,159.20,0.003,0.003,0.00,0.005,0.005,0.00,0.43,0.28,1.00,7.29,15.98,0.00,0.009,0.003,1.00,1.90,2.22,0.00,0.36,0.32,1.00,0.770,0.600,1.000,1.64,2.22,0.00
PVC,3/14/2013,9:00,D,W,M,IM,0.003,40.41,297.00,0.03,32.57,131.00,149.30,0.012,0.007,0.00,0.080,0.060,1.00,1.49,0.98,1.00,4.28,4.84,0.00,0.005,0.003,0.00,0.32,0.00,1.00,0.84,0.58,1.00,0.920,0.780,1.000,0.71,1.28,0.00
PVC,3/26/2013,8:00,D,W,M,IM,0.004,39.90,301.00,0.03,42.73,88.20,159.50,0.006,0.003,0.00,0.050,0.100,0.00,0.80,0.82,0.00,11.92,19.65,0.00,0.003,0.009,0.00,2.73,2.96,0.00,0.34,0.38,0.00,0.330,0.470,0.000,0.33,0.58,0.00
PVC,4/9/2013,8:10,D,S,M,IM,0.004,40.02,280.00,0.03,43.23,137.40,168.40,0.003,0.003,0.00,0.030,0.030,0.00,1.45,0.74,1.00,13.08,21.21,0.00,0.018,0.003,1.00,3.63,4.27,0.00,0.43,0.43,0.00,0.300,0.260,1.000,0.50,0.53,0.00
PVC,4/23/2013,8:30,D,S,M,IM,0.004,38.25,320.00,0.03,41.94,145.60,177.20,0.006,0.003,0.00,0.040,0.050,0.00,0.89,0.72,1.00,12.34,25.04,0.00,0.003,0.005,0.00,3.69,4.29,0.00,0.40,0.42,0.00,0.200,0.250,0.000,0.65,1.10,0.00
PVC,5/10/2013,8:40,D,S,M,IM,0.005,46.09,311.00,0.03,43.67,147.60,178.50,0.003,0.006,0.00,0.050,0.040,1.00,0.74,0.61,1.00,12.18,23.48,0.00,0.003,0.014,0.00,3.50,4.10,0.00,0.43,0.44,0.00,0.120,0.150,0.000,0.57,1.16,0.00
PVC,5/21/2013,9:00,D,S,M,IM,0.003,.,316.00,5.90,44.36,159.90,194.60,0.003,0.003,0.00,0.030,0.040,0.00,0.64,0.58,1.00,19.93,48.42,0.00,0.003,0.013,0.00,10.17,12.65,0.00,0.51,0.49,1.00,0.130,0.190,0.000,1.42,2.20,0.00
PVC,6/4/2013,8:15,D,S,M,IM,0.001,48.79,349.00,9.60,46.66,185.50,201.10,0.003,0.007,0.00,0.030,0.040,0.00,0.45,1.02,0.00,34.84,89.45,0.00,0.003,0.024,0.00,37.46,46.29,0.00,0.53,0.60,0.00,0.120,0.120,0.000,1.07,2.24,0.00
SANT,1/31/2013,12:52,D,W,S,S,0.027,15.20,504.00,0.25,166.24,213.20,352.10,0.007,0.003,0.00,0.060,0.010,1.00,0.38,0.44,0.00,3.28,7.96,0.00,0.003,0.009,0.00,0.93,2.38,0.00,0.17,0.15,1.00,1.440,1.490,0.000,1.46,9.40,0.00
SANT,2/14/2013,13:15,D,W,S,S,0.016,15.50,497.00,0.25,164.07,221.00,363.70,0.003,0.007,0.00,0.130,0.060,1.00,0.00,0.34,0.00,3.50,3.46,1.00,0.003,0.003,0.00,0.65,0.97,0.00,0.01,0.01,0.00,0.980,0.900,1.000,0.11,0.16,0.00
SANT,2/27/2013,10:30,D,W,S,S,0.016,15.81,491.00,0.25,152.35,223.40,353.50,0.003,0.003,0.00,0.005,0.005,0.00,0.13,0.10,1.00,1.14,4.63,0.00,0.003,0.003,0.00,0.44,0.64,0.00,0.13,0.18,0.00,0.930,0.820,1.000,1.55,1.62,0.00
SANT,3/13/2013,13:40,D,W,S,S,0.037,14.36,465.00,0.25,140.48,218.00,320.30,0.003,0.007,0.00,0.075,0.060,1.00,0.12,0.20,0.00,2.97,4.07,0.00,0.010,0.009,0.00,0.03,0.48,0.00,0.11,0.18,0.00,1.265,1.290,0.000,0.60,0.61,0.00
SANT,3/26/2013,12:10,D,W,S,S,0.029,14.09,461.00,0.70,149.07,176.30,329.95,0.010,0.007,0.00,0.050,0.040,1.00,0.53,0.48,1.00,3.87,4.85,0.00,0.023,0.007,1.00,1.14,1.62,0.00,0.15,0.17,0.00,0.825,0.815,1.000,0.59,0.15,1.00
SANT,4/9/2013,13:05,D,S,S,S,0.024,14.47,468.00,0.25,150.84,223.40,351.50,0.010,0.009,0.00,0.005,0.020,0.00,0.70,0.33,1.00,3.57,6.93,0.00,0.003,0.003,0.00,2.17,2.95,0.00,0.16,0.14,1.00,0.410,0.450,0.000,0.56,0.62,0.00
SANT,4/23/2013,11:20,D,S,S,S,0.019,14.53,487.00,1.20,150.75,243.90,388.20,0.008,0.003,0.00,0.060,0.050,1.00,0.41,0.45,0.00,7.93,8.21,0.00,0.003,0.003,0.00,3.68,5.57,0.00,0.17,0.17,0.00,0.300,0.480,0.000,0.10,0.26,0.00
SANT,5/10/2013,13:15,D,S,S,S,0.017,15.55,517.00,0.25,150.33,258.30,394.90,0.017,0.010,1.00,0.010,0.020,0.00,0.74,0.37,1.00,9.60,10.89,0.00,0.009,0.008,0.00,0.62,1.53,0.00,0.21,0.19,1.00,0.130,0.170,0.000,1.36,1.98,0.00
SANT,5/21/2013,14:05,D,S,S,S,0.006,16.20,536.00,2.15,153.58,256.25,390.60,0.010,0.008,0.00,0.005,0.005,0.00,1.90,0.69,1.00,12.43,17.36,0.00,0.003,0.024,0.00,0.52,3.31,0.00,0.22,0.25,0.00,0.085,0.090,0.000,0.75,1.18,0.00
SANT,3/6/2014,13:30,D,W,S,S,0.017,18.52,526.67,0.25,186.77,248.67,387.40,0.007,0.010,0.00,0.037,0.083,0.00,0.58,0.60,0.00,9.74,24.73,0.00,0.003,0.014,0.00,0.83,3.61,0.00,0.24,0.32,0.00,1.870,1.937,0.000,0.42,0.49,0.00
SANT,3/18/2014,13:15,D,W,S,S,0.004,.,620.00,0.80,.,270.00,412.30,0.003,0.015,0.00,0.050,0.110,0.00,0.84,0.44,1.00,9.70,96.64,0.00,0.003,0.038,0.00,1.52,7.78,0.00,0.23,0.25,0.00,0.360,0.420,0.000,0.38,13.78,0.00
SANT,4/7/2014,12:45,D,S,S,S,0.003,19.90,580.00,13.50,212.20,152.00,432.60,0.003,0.026,0.00,0.030,0.050,0.00,0.36,0.48,0.00,11.50,38.10,0.00,0.003,0.135,0.00,0.89,23.65,0.00,0.17,0.33,0.00,0.270,0.320,0.000,0.68,1.99,0.00
SANT,4/22/2014,13:00,D,S,S,S,0.002,20.13,660.00,24.50,201.70,290.00,439.80,0.003,0.087,0.00,0.030,0.120,0.00,0.37,0.81,0.00,9.74,194.46,0.00,0.003,0.206,0.00,0.76,220.80,0.00,0.23,0.65,0.00,0.110,0.120,0.000,0.44,2.77,0.00
SANT,5/5/2014,9:35,D,S,S,S,0.003,.,630.00,2.70,.,152.00,369.65,0.017,0.025,0.00,0.035,0.030,0.00,0.81,0.25,1.00,12.78,66.40,0.00,0.003,0.055,0.00,11.65,53.53,0.00,0.28,0.38,0.00,0.265,0.340,0.000,0.48,10.76,0.00
SANT,5/20/2014,12:45,D,S,S,S,0.001,22.64,660.00,3.20,234.30,312.00,484.50,0.003,0.009,0.00,0.005,0.005,0.00,0.41,0.54,0.00,37.52,61.06,0.00,0.003,0.027,0.00,0.30,29.51,0.00,0.24,0.33,0.00,0.080,0.100,0.000,0.44,0.44,0.00
SANT,5/27/2014,13:00,D,S,S,S,0.001,31.50,586.00,2.75,215.60,256.20,425.40,0.003,0.012,0.00,0.005,0.005,0.00,0.45,0.53,0.00,36.52,75.38,0.00,0.003,0.019,0.00,19.74,32.51,0.00,0.27,0.33,0.00,0.258,0.426,0.000,0.49,0.57,0.00
SANT,6/3/2014,13:15,D,S,S,S,0.000,44.11,550.00,1.40,158.63,167.00,312.70,0.012,0.017,0.00,0.005,0.005,0.00,0.28,0.68,0.00,34.59,97.46,0.00,0.003,0.011,0.00,25.41,37.79,0.00,0.31,0.33,0.00,0.470,0.510,0.000,0.51,0.60,0.00
SJC,4/9/2012,11:00,D,S,L,IM,0.004,36.07,369.00,10.10,92.14,79.60,196.90,0.005,0.040,0.00,0.040,0.120,0.00,0.42,1.27,0.00,59.45,438.16,0.00,0.019,0.185,0.00,17.10,46.33,0.00,0.21,0.33,0.00,0.390,0.360,1.000,0.63,2.33,0.00
SJC,4/23/2012,12:00,D,S,L,IM,0.007,22.91,338.70,1.10,103.80,116.30,190.60,0.011,0.022,0.00,0.040,0.030,1.00,0.16,0.20,0.00,23.77,86.14,0.00,0.003,0.011,0.00,13.39,15.08,0.00,0.13,0.17,0.00,0.360,0.400,0.000,0.53,0.51,1.00
SJC,5/7/2012,11:35,D,S,L,IM,0.005,22.67,348.00,0.25,102.60,118.30,202.10,0.005,0.023,0.00,0.540,0.020,1.00,0.24,0.21,1.00,0.57,80.67,0.00,0.003,0.010,0.00,0.00,13.82,0.00,0.01,0.14,0.00,0.010,0.220,0.000,0.40,0.61,0.00
SJC,5/21/2012,13:30,D,S,L,IM,0.002,26.25,429.35,1.10,105.05,133.25,210.10,0.010,0.028,0.00,0.037,0.067,0.00,0.16,0.27,0.00,17.80,323.85,0.00,0.007,0.055,0.00,14.82,40.41,0.00,0.18,0.27,0.00,0.133,0.123,1.000,0.72,1.07,0.00
SJC,6/4/2012,10:40,D,S,L,IM,0.002,27.08,412.65,1.45,109.25,134.65,212.55,0.015,0.012,0.00,0.025,0.020,0.00,0.07,0.15,0.00,16.52,119.40,0.00,0.006,0.024,0.00,19.84,33.44,0.00,0.18,0.22,0.00,0.095,0.100,0.000,0.81,1.16,0.00
SJC,6/19/2012,10:10,D,S,L,IM,0.001,27.38,347.30,1.30,106.55,140.80,228.15,0.010,0.125,0.00,0.200,0.035,1.00,0.38,0.23,1.00,22.60,75.43,0.00,0.014,0.008,1.00,17.91,30.72,0.00,0.21,0.21,0.00,0.095,0.075,1.000,1.31,0.64,1.00
SJC,7/3/2012,9:48,D,S,L,IM,0.001,28.23,462.70,1.70,106.45,141.50,234.10,0.005,0.141,0.00,0.170,0.360,0.00,0.34,1.56,0.00,8.85,2009.30,0.00,0.009,0.308,0.00,0.77,310.45,0.00,0.28,0.84,0.00,0.110,0.140,0.000,0.57,5.34,0.00
SJC,7/17/2012,10:10,D,S,L,IM,0.001,28.97,419.35,12.15,106.77,140.40,231.70,0.004,0.059,0.00,0.110,0.180,0.00,0.23,0.51,0.00,14.24,489.42,0.00,0.003,0.074,0.00,8.35,107.36,0.00,0.10,0.37,0.00,0.160,0.145,1.000,0.70,1.86,0.00
SJC,7/31/2012,10:50,D,S,L,IM,0.001,27.74,1066.00,34.25,102.56,137.35,220.70,0.010,0.190,0.00,0.050,0.170,0.00,0.21,1.42,0.00,10.85,1993.35,0.00,0.003,0.331,0.00,2.40,576.67,0.00,0.07,0.84,0.00,0.140,0.190,0.000,0.85,7.70,0.00
SJC,3/6/2014,11:30,D,W,L,IM,0.047,37.06,400.00,0.25,174.97,122.00,263.20,0.024,0.032,0.00,0.050,0.050,0.00,0.95,0.83,1.00,16.11,26.03,0.00,0.003,0.006,0.00,1.71,10.61,0.00,0.40,0.43,0.00,7.930,8.530,0.000,0.83,0.67,1.00
SJC,3/18/2014,11:35,D,W,L,IM,0.035,.,470.00,0.70,.,143.00,286.80,0.028,0.031,0.00,0.045,0.050,0.00,0.49,0.43,1.00,32.56,61.60,0.00,0.003,0.005,0.00,17.25,23.24,0.00,0.39,0.39,0.00,3.105,3.225,0.000,0.92,1.16,0.00
SJC,4/7/2014,11:30,D,S,L,IM,0.027,39.91,470.00,2.90,154.99,154.00,293.75,0.026,0.037,0.00,0.030,0.050,0.00,0.23,0.16,1.00,19.01,146.65,0.00,0.003,0.021,0.00,14.98,31.67,0.00,0.30,0.33,0.00,1.155,1.070,1.000,0.91,1.77,0.00
SJC,4/22/2014,11:30,D,S,L,IM,0.021,41.59,560.00,0.25,145.58,163.00,288.90,0.028,0.029,0.00,0.020,0.035,0.00,0.39,0.16,1.00,16.49,56.51,0.00,0.003,0.007,0.00,22.26,27.12,0.00,0.34,0.36,0.00,0.585,0.690,0.000,0.94,0.78,1.00
SJC,5/5/2014,11:00,D,S,L,IM,0.023,21.91,740.00,4.70,224.52,286.00,447.10,0.005,0.027,0.00,0.030,0.040,0.00,1.42,0.35,1.00,11.49,65.85,0.00,0.005,0.094,0.00,0.43,64.95,0.00,0.26,0.36,0.00,0.080,0.110,0.000,0.28,1.54,0.00
SJC,5/20/2014,11:30,D,S,L,IM,0.015,44.79,500.00,10.00,166.33,165.50,310.75,0.016,0.034,0.00,0.005,0.035,0.00,0.63,0.55,1.00,31.61,259.18,0.00,0.011,0.042,0.00,9.06,111.77,0.00,0.28,0.44,0.00,0.380,0.430,0.000,0.78,1.68,0.00
SJC,6/3/2014,11:30,D,S,L,IM,0.015,44.37,520.00,6.30,166.41,165.75,313.93,0.013,0.026,0.00,0.005,0.033,0.00,0.52,0.40,1.00,35.82,285.72,0.00,0.007,0.022,0.00,22.48,93.11,0.00,0.29,0.43,0.00,0.440,0.425,1.000,0.86,1.49,0.00
SJC,6/17/2014,11:00,D,S,L,IM,0.004,43.94,540.00,2.60,166.48,166.00,317.10,0.009,0.019,0.00,0.005,0.030,0.00,0.41,0.24,1.00,40.02,312.26,0.00,0.003,0.003,0.00,35.90,74.44,0.00,0.31,0.42,0.00,0.500,0.420,1.000,0.93,1.31,0.00
USJC,5/7/2012,12:50,D,S,S,IM,0.001,19.05,324.00,0.03,106.20,116.80,201.10,0.012,0.026,0.00,0.100,0.030,1.00,0.41,0.43,0.00,5.36,36.15,0.00,0.007,0.016,0.00,0.36,0.62,0.00,0.10,0.13,0.00,0.640,0.700,0.000,0.69,0.68,1.00
USJC,5/21/2012,13:20,D,S,S,IM,0.001,19.50,332.00,21.30,105.19,117.85,201.35,0.020,0.028,0.00,0.035,0.050,0.00,0.74,0.33,1.00,3.27,7.08,0.00,0.012,0.042,0.00,0.36,0.47,0.00,0.17,0.19,0.00,0.380,0.420,0.000,1.15,0.86,1.00
USJC,6/4/2012,11:40,D,S,S,IM,0.000,18.46,356.00,3.90,132.39,118.35,196.00,0.017,0.024,0.00,0.030,0.020,1.00,0.12,0.20,0.00,2.00,18.49,0.00,0.003,0.017,0.00,0.41,0.63,0.00,0.17,0.16,0.00,0.305,0.850,0.000,1.07,1.57,0.00
USJC,6/19/2012,11:10,D,S,S,IM,0.001,20.57,276.03,0.78,114.26,140.76,234.35,0.035,0.030,0.00,0.155,0.040,1.00,0.26,0.30,0.00,5.81,20.65,0.00,0.003,0.003,0.00,0.89,1.23,0.00,0.23,0.22,0.00,0.430,0.455,0.000,1.94,1.06,1.00
USJC,7/3/2012,10:25,D,S,S,IM,0.001,21.30,410.70,0.25,118.57,147.60,255.40,0.028,0.038,0.00,0.340,0.090,1.00,0.23,0.23,0.00,2.43,13.95,0.00,0.003,0.003,0.00,1.70,2.28,0.00,0.27,0.24,1.00,0.570,0.560,1.000,1.64,0.69,1.00
USJC,1/31/2013,10:15,D,W,S,IM,0.001,19.87,0.05,0.03,.,121.40,274.80,0.025,0.036,0.00,0.005,0.020,0.00,0.27,0.30,0.00,5.02,7.95,0.00,0.003,0.008,0.00,0.38,0.53,0.00,0.19,0.26,0.00,3.940,4.520,0.000,0.49,0.57,0.00
USJC,2/14/2013,11:30,D,W,S,IM,0.004,21.70,423.00,0.03,161.00,109.00,259.20,0.013,0.018,0.00,0.135,0.005,1.00,0.00,0.29,0.00,4.41,6.44,0.00,0.003,0.003,0.00,0.47,0.54,0.00,0.01,0.01,0.00,3.735,3.685,1.000,1.23,0.19,1.00
USJC,2/27/2013,8:45,D,W,S,IM,0.004,23.06,388.00,0.03,152.40,104.60,237.60,0.036,0.019,1.00,0.005,0.005,0.00,0.24,0.17,1.00,4.66,7.27,0.00,0.014,0.003,1.00,0.40,0.49,0.00,0.23,0.23,0.00,3.026,3.360,0.000,2.08,2.21,0.00
USJC,3/13/2013,12:00,D,W,S,IM,0.005,22.76,384.00,0.03,146.90,73.80,228.20,0.027,0.019,1.00,0.060,0.040,1.00,0.46,0.58,0.00,4.12,3.43,1.00,0.003,0.003,0.00,0.12,.,#VALUE!,0.33,0.35,0.00,4.800,5.840,0.000,0.34,0.31,1.00
USJC,3/26/2013,10:30,D,W,S,IM,0.004,2.28,379.00,0.03,136.00,106.60,215.10,0.024,0.084,0.00,0.030,0.030,0.00,0.31,0.33,0.00,6.26,16.34,0.00,0.003,0.005,0.00,1.04,1.29,0.00,0.20,0.19,1.00,3.035,2.950,1.000,0.72,0.14,1.00
USJC,4/9/2013,11:00,D,S,S,IM,0.003,20.34,359.00,0.03,139.38,112.75,219.90,0.027,0.030,0.00,0.020,0.015,0.00,0.45,0.23,1.00,9.55,18.89,0.00,0.009,0.008,0.00,1.37,1.56,0.00,0.22,0.20,1.00,2.120,2.190,0.000,2.86,2.98,0.00
USJC,4/23/2013,9:00,D,S,S,IM,0.002,20.70,383.00,3.70,137.87,127.10,244.10,0.027,0.038,0.00,0.010,0.060,0.00,0.35,0.39,0.00,11.46,86.63,0.00,0.003,0.027,0.00,2.00,3.12,0.00,0.21,0.21,0.00,1.260,1.630,0.000,0.44,0.70,0.00
USJC,5/10/2013,11:45,D,S,S,IM,0.002,21.48,397.00,0.80,133.66,133.30,251.90,0.021,0.028,0.00,0.005,0.060,0.00,0.76,0.28,1.00,13.17,59.17,0.00,0.003,0.020,0.00,1.53,2.38,0.00,0.23,0.23,0.00,1.370,1.010,1.000,0.61,0.71,0.00
USJC,5/21/2013,12:00,D,S,S,IM,0.001,23.29,420.00,3.55,130.75,132.25,251.76,0.028,0.045,0.00,0.010,0.056,0.00,0.81,0.55,1.00,13.69,80.24,0.00,0.015,0.063,0.00,3.02,4.86,0.00,0.23,0.29,0.00,0.916,0.916,0.000,1.86,2.61,0.00
VRBM1,2/6/2014,10:40,D,W,M,S,0.005,3.35,600.00,0.93,206.88,203.33,375.90,0.003,0.005,0.00,0.070,0.050,1.00,0.41,0.26,1.00,30.02,36.27,0.00,0.007,0.009,0.00,0.47,0.73,0.00,0.11,0.11,0.00,0.157,0.253,0.000,3.01,1.50,1.00
VRBM1,2/18/2014,10:00,D,W,M,S,0.005,4.00,640.00,1.00,215.50,216.00,381.50,0.005,0.005,0.00,0.050,0.000,1.00,0.00,0.00,0.00,89.00,97.50,0.00,0.000,0.000,0.00,2.00,3.00,0.00,0.00,0.00,0.00,0.010,0.000,1.000,150.50,160.00,0.00
VRBM1,3/6/2014,11:35,D,W,M,S,0.011,7.21,740.00,0.90,335.65,214.00,490.50,0.005,0.005,0.00,0.040,0.060,0.00,0.72,0.47,1.00,14.79,30.78,0.00,0.003,0.012,0.00,3.83,5.44,0.00,0.24,0.31,0.00,2.860,2.650,1.000,57.45,60.17,0.00
VRBM1,3/18/2014,10:45,D,W,M,S,0.007,.,700.00,0.50,.,226.00,489.00,0.005,0.005,0.00,0.020,0.070,0.00,0.18,0.10,1.00,14.13,28.15,0.00,0.003,0.012,0.00,3.87,5.49,0.00,0.13,0.20,0.00,0.750,0.640,1.000,0.58,0.59,0.00
VRBM1,3/31/2014,10:50,D,W,M,S,0.006,5.74,740.00,0.25,324.50,218.00,465.65,0.005,0.005,0.00,0.015,0.030,0.00,0.03,0.06,0.00,15.15,20.12,0.00,0.005,0.009,0.00,4.83,5.96,0.00,0.11,0.12,0.00,0.320,0.370,0.000,0.47,0.39,1.00
VRBM1,4/8/2014,9:40,D,S,M,S,0.005,5.46,690.00,0.25,303.00,222.00,483.40,0.005,0.005,0.00,0.050,0.025,1.00,1.23,0.00,1.00,15.36,18.98,0.00,0.003,0.003,0.00,3.66,4.11,0.00,0.13,0.12,1.00,0.330,0.285,1.000,1.10,0.20,1.00
VRBM1,4/22/2014,10:05,D,S,M,S,0.003,4.97,680.00,0.25,292.60,228.00,454.90,0.005,0.008,0.00,0.010,0.130,0.00,0.33,0.18,1.00,10.85,18.90,0.00,0.007,0.018,0.00,2.56,2.85,0.00,0.21,0.31,0.00,0.120,0.150,0.000,47.20,131.78,0.00
VRBM1,5/6/2014,10:50,D,S,M,S,0.002,4.76,620.00,0.25,277.20,218.00,424.85,0.005,0.008,0.00,0.010,0.035,0.00,0.19,0.06,1.00,10.57,18.51,0.00,0.003,0.009,0.00,1.73,2.09,0.00,0.12,0.14,0.00,0.145,0.185,0.000,81.05,86.90,0.00
VRBM1,5/20/2014,10:50,D,S,M,S,0.001,4.45,680.00,1.00,287.80,223.00,432.00,0.012,0.009,0.00,0.050,0.075,0.00,0.55,0.34,1.00,36.79,44.40,0.00,0.021,0.013,1.00,2.30,3.02,0.00,0.19,0.24,0.00,0.085,0.125,0.000,47.12,49.35,0.00
VRBM1,6/3/2014,9:45,D,S,M,S,0.000,4.36,610.00,0.60,263.20,217.00,432.80,0.005,0.005,0.00,0.050,0.010,1.00,0.33,0.27,1.00,38.95,44.89,0.00,0.010,0.074,0.00,2.16,2.55,0.00,0.11,0.13,0.00,0.120,0.150,0.000,0.67,0.46,1.00
VRBM1,6/17/2014,10:00,D,S,M,S,0.000,3.85,605.00,0.25,250.28,207.00,406.85,0.005,0.005,0.00,0.050,0.155,0.00,0.29,0.60,0.00,42.24,150.48,0.00,0.003,0.003,0.00,1.52,25.44,0.00,0.17,0.40,0.00,0.085,0.135,0.000,0.01,0.26,0.00
VRBM1,7/1/2014,11:30,D,S,M,S,0.002,3.56,540.00,10.00,239.40,190.60,379.10,0.005,0.005,0.00,0.050,0.080,0.00,0.09,0.26,0.00,30.90,120.66,0.00,0.003,0.125,0.00,0.11,10.96,0.00,0.08,0.20,0.00,0.080,0.070,1.000,0.01,0.80,0.00
VRBM1,7/15/2014,12:10,D,S,M,S,0.002,3.46,520.00,0.25,232.10,196.80,362.20,0.005,0.005,0.00,0.050,0.010,1.00,0.27,0.13,1.00,26.97,30.95,0.00,0.030,0.034,0.00,0.49,1.12,0.00,0.12,0.10,1.00,0.010,0.010,0.000,0.26,0.22,1.00
VRBM1,7/29/2014,10:40,D,S,M,S,0.002,3.77,510.00,9.75,222.49,183.50,350.35,0.005,0.005,0.00,0.020,0.165,0.00,0.31,0.58,0.00,40.45,194.15,0.00,0.028,0.330,0.00,0.47,7.38,0.00,0.09,0.27,0.00,0.195,0.085,1.000,0.56,1.66,0.00
VRBM1,8/12/2014,10:50,D,S,M,S,0.001,3.75,480.00,0.25,215.62,190.60,339.30,0.005,0.005,0.00,0.050,0.020,1.00,0.40,1.73,0.00,40.33,49.49,0.00,0.048,0.046,0.00,0.65,1.32,0.00,0.09,0.12,0.00,0.080,0.070,1.000,0.55,0.62,0.00
VRBM1,8/26/2014,10:20,D,S,M,S,0.001,3.56,530.00,1.20,231.80,188.60,344.30,0.006,0.005,0.00,0.020,0.020,0.00,0.26,0.33,0.00,40.58,42.30,0.00,0.003,0.020,0.00,0.51,0.67,0.00,0.13,0.14,0.00,0.070,0.060,1.000,0.16,0.37,0.00
VRMT3,2/6/2014,11:40,D,W,L,S,0.005,3.59,840.00,0.03,348.10,210.00,539.70,0.006,0.003,0.00,0.040,0.030,1.00,0.22,0.21,1.00,40.62,42.80,0.00,0.003,0.003,0.00,0.52,0.62,0.00,0.07,0.10,0.00,1.530,1.090,1.000,0.67,0.59,1.00
VRMT3,2/18/2014,10:50,D,W,L,S,0.005,3.00,820.00,0.25,357.00,220.00,530.00,0.005,0.005,0.00,0.050,0.000,1.00,0.00,0.00,0.00,120.00,128.00,0.00,0.003,0.000,0.00,1.00,1.00,0.00,0.00,0.00,0.00,1.000,1.000,0.000,45.00,145.00,0.00
VRMT3,3/6/2014,11:35,D,W,L,S,0.009,5.07,820.00,39.50,422.85,214.00,541.00,0.005,0.018,0.00,0.030,1.270,0.00,0.46,1.85,0.00,14.00,1551.21,0.00,0.003,0.510,0.00,5.16,34.89,0.00,0.41,1.39,0.00,4.640,4.820,0.000,6.41,50.42,0.00
VRMT3,3/18/2014,10:05,D,W,L,S,0.006,.,700.00,3.70,.,186.00,503.90,0.005,0.005,0.00,0.040,0.100,0.00,0.36,0.08,1.00,11.07,105.19,0.00,0.003,0.039,0.00,5.79,14.13,0.00,0.18,0.23,0.00,2.080,2.240,0.000,0.22,0.67,0.00
VRMT3,3/31/2014,11:40,D,W,L,S,0.006,4.15,730.00,0.25,356.83,172.00,482.50,0.005,0.005,0.00,0.020,0.050,0.00,0.02,0.00,1.00,13.42,23.59,0.00,0.015,0.023,0.00,6.47,6.61,0.00,0.13,0.15,0.00,1.640,1.780,0.000,2.00,2.21,0.00
VRMT3,4/8/2014,10:30,D,S,L,S,0.006,4.13,660.00,0.70,353.03,200.00,473.70,0.005,0.005,0.00,0.020,0.040,0.00,0.11,0.00,1.00,15.44,23.01,0.00,0.003,0.009,0.00,5.29,5.45,0.00,0.10,0.11,0.00,1.420,1.410,1.000,1.35,1.84,0.00
VRMT3,4/22/2014,10:45,D,S,L,S,0.005,3.81,700.00,1.30,343.60,188.00,486.50,0.005,0.008,0.00,0.010,0.040,0.00,0.21,0.02,1.00,12.07,25.38,0.00,0.003,0.013,0.00,5.04,5.31,0.00,0.14,0.14,0.00,1.100,1.260,0.000,33.01,43.70,0.00
VRMT3,5/6/2014,10:00,D,S,L,S,0.004,4.04,690.00,0.25,356.20,182.00,484.60,0.005,0.005,0.00,0.050,0.060,0.00,0.07,0.05,1.00,9.96,22.88,0.00,0.003,0.006,0.00,2.95,4.23,0.00,0.09,0.10,0.00,1.020,1.150,0.000,0.07,0.35,0.00
VRMT3,5/20/2014,10:00,D,S,L,S,0.004,3.85,680.00,0.50,358.70,195.00,520.80,0.005,0.005,0.00,0.050,0.020,1.00,0.43,0.19,1.00,43.91,47.34,0.00,0.003,0.003,0.00,2.17,2.57,0.00,0.11,0.15,0.00,1.070,0.870,1.000,0.90,0.40,1.00
VRMT3,6/3/2014,10:25,D,S,L,S,0.003,3.98,730.00,0.70,360.00,181.00,540.80,0.005,0.005,0.00,0.050,0.030,1.00,0.49,0.30,1.00,42.84,70.54,0.00,0.003,0.013,0.00,1.74,2.39,0.00,0.14,0.15,0.00,0.980,0.910,1.000,57.87,108.57,0.00
VRMT3,6/17/2014,10:45,D,S,L,S,0.003,3.84,700.00,0.25,361.75,178.00,506.10,0.005,0.005,0.00,0.050,0.030,1.00,0.10,0.10,0.00,52.07,66.35,0.00,0.003,0.003,0.00,2.22,2.36,0.00,0.10,0.13,0.00,0.970,0.830,1.000,71.41,100.92,0.00
VRMT3,7/1/2014,9:45,D,S,L,S,0.002,3.89,680.00,0.25,367.60,179.35,503.70,0.005,0.005,0.00,0.050,0.070,0.00,0.14,0.16,0.00,50.83,65.69,0.00,0.003,0.003,0.00,1.25,2.45,0.00,0.10,0.09,1.00,0.740,0.790,0.000,0.01,0.03,0.00
VRMT3,7/15/2014,10:42,D,S,L,S,0.002,3.89,710.00,0.25,365.25,187.60,497.65,0.005,0.005,0.00,0.020,0.035,0.00,0.16,0.15,1.00,42.34,55.98,0.00,0.046,0.088,0.00,1.35,3.25,0.00,0.10,0.11,0.00,0.395,0.505,0.000,0.39,0.34,1.00
VRMT3,7/29/2014,9:30,D,S,L,S,0.002,4.27,740.00,3.20,366.88,188.00,513.10,0.005,0.010,0.00,0.050,0.045,0.00,0.38,0.34,1.00,61.61,93.09,0.00,0.015,0.011,0.00,0.80,2.87,0.00,0.11,0.13,0.00,0.470,0.450,1.000,0.67,0.62,1.00
VRMT3,8/12/2014,9:25,D,S,L,S,0.001,4.54,680.00,0.25,369.35,188.10,503.25,0.005,0.005,0.00,0.030,0.015,1.00,0.35,0.34,1.00,65.37,67.90,0.00,0.064,0.028,1.00,1.49,1.78,0.00,0.10,0.12,0.00,0.325,0.415,0.000,0.39,0.28,1.00
VRMT3,8/26/2014,9:20,D,S,L,S,0.001,4.12,763.33,0.80,391.03,195.43,506.87,0.006,0.005,0.00,0.023,0.043,0.00,0.28,0.48,0.00,62.71,96.18,0.00,0.009,0.009,0.00,0.77,1.47,0.00,0.12,0.16,0.00,0.320,0.400,0.000,0.23,0.36,0.00
KC,1/25/2013,13:50,W,W,M,IM,0.008,24.47,250.70,4.00,11.04,180.40,159.00,0.006,0.003,0.00,0.095,0.145,0.00,0.82,0.86,0.00,24.90,82.01,0.00,0.007,0.093,0.00,4.16,7.56,0.00,0.38,0.39,0.00,0.200,0.185,1.000,0.73,0.84,0.00
KC,1/25/2013,14:30,W,W,M,IM,0.008,23.33,242.70,6.80,10.52,161.90,139.00,0.019,0.006,1.00,0.110,0.170,0.00,0.87,1.29,0.00,19.30,80.12,0.00,0.065,0.156,0.00,3.29,9.04,0.00,0.29,0.42,0.00,0.270,0.270,0.000,0.71,0.85,0.00
KC,1/25/2013,15:00,W,W,M,IM,0.009,23.14,274.70,3.80,10.61,155.80,144.00,0.006,0.003,0.00,0.090,0.210,0.00,0.83,0.95,0.00,17.58,99.48,0.00,0.010,0.223,0.00,3.39,11.48,0.00,0.29,0.35,0.00,0.210,0.240,0.000,0.43,0.82,0.00
KC,1/25/2013,16:30,W,W,M,IM,0.009,21.18,286.70,2.10,9.77,155.80,141.20,0.006,0.011,0.00,0.140,0.190,0.00,0.72,1.04,0.00,19.02,126.02,0.00,0.013,0.266,0.00,3.60,14.38,0.00,0.25,0.44,0.00,0.170,0.320,0.000,0.49,0.81,0.00
KC,1/25/2013,18:00,W,W,M,IM,0.009,23.15,284.00,1.80,10.65,153.80,140.20,0.003,0.010,0.00,0.110,0.290,0.00,0.80,1.11,0.00,24.49,86.21,0.00,0.010,0.125,0.00,3.80,9.04,0.00,0.37,0.46,0.00,0.230,0.300,0.000,0.63,0.87,0.00
KC,1/25/2013,19:30,W,W,M,IM,0.009,22.85,288.00,2.40,10.59,153.80,143.80,0.010,0.003,1.00,0.100,0.240,0.00,0.80,1.07,0.00,24.13,91.82,0.00,0.009,0.127,0.00,3.31,8.85,0.00,0.32,0.53,0.00,0.370,0.430,0.000,0.41,0.65,0.00
KC,1/25/2013,21:00,W,W,M,IM,0.009,23.34,278.70,2.40,10.67,155.80,139.30,0.003,0.006,0.00,0.080,0.180,0.00,0.82,0.97,0.00,24.38,76.62,0.00,0.010,0.090,0.00,3.03,7.31,0.00,0.28,0.38,0.00,0.270,0.520,0.000,0.77,0.61,1.00
KC,1/25/2013,22:25,W,W,M,IM,0.010,23.75,0.05,0.03,10.77,155.80,141.50,0.005,0.010,0.00,0.110,0.130,0.00,0.59,0.63,0.00,25.51,70.42,0.00,0.013,0.113,0.00,3.76,7.03,0.00,0.28,0.34,0.00,0.270,0.270,0.000,20.76,124.65,0.00
KC,1/25/2013,23:00,W,W,M,IM,0.010,NA,0.05,0.03,NA,157.90,144.00,0.003,0.003,0.00,0.110,0.140,0.00,0.79,1.00,0.00,27.01,77.23,0.00,0.018,0.130,0.00,3.06,7.27,0.00,0.34,0.40,0.00,0.330,0.260,1.000,0.42,0.57,0.00
KC,1/26/2013,2:00,W,W,M,IM,0.010,23.23,221.30,3.00,10.94,153.80,138.70,0.003,0.007,0.00,0.120,0.150,0.00,0.70,0.88,0.00,25.94,99.43,0.00,0.011,0.126,0.00,3.04,8.43,0.00,0.32,0.48,0.00,0.250,0.410,0.000,0.43,0.82,0.00
KC,1/26/2013,4:00,W,W,M,IM,0.011,22.87,230.70,2.90,11.01,151.70,139.20,0.014,0.009,0.00,0.110,0.170,0.00,0.78,1.12,0.00,28.75,92.21,0.00,0.019,0.112,0.00,2.72,6.46,0.00,0.31,0.40,0.00,0.430,0.370,1.000,0.54,0.85,0.00
KC,1/26/2013,10:00,W,W,M,IM,0.009,25.43,220.00,0.80,10.83,155.85,140.70,0.009,0.016,0.00,0.110,0.090,1.00,0.81,0.82,0.00,24.57,50.59,0.00,0.009,0.036,0.00,2.37,4.09,0.00,0.29,0.34,0.00,0.365,0.385,0.000,0.72,0.60,1.00
KC,1/27/2013,9:00,W,W,M,IM,0.008,27.48,213.30,0.50,13.47,161.90,146.47,0.003,0.007,0.00,0.115,0.170,0.00,0.88,0.74,1.00,24.61,44.21,0.00,0.008,0.025,0.00,2.02,3.06,0.00,0.34,0.41,0.00,0.525,0.595,0.000,0.61,0.38,1.00
KC,1/28/2013,10:30,W,W,M,IM,0.007,29.40,262.00,0.03,15.41,168.10,166.45,0.008,0.003,0.00,0.100,0.070,1.00,0.53,0.64,0.00,16.74,20.53,0.00,0.003,0.015,0.00,1.63,2.06,0.00,0.30,0.29,1.00,0.465,0.495,0.000,0.49,0.69,0.00
KC,1/29/2013,10:30,W,W,M,IM,0.006,30.28,248.00,0.03,15.06,171.20,169.75,0.003,0.003,0.00,0.075,0.060,1.00,0.55,0.50,1.00,13.28,17.06,0.00,0.003,0.008,0.00,1.78,2.22,0.00,0.25,0.25,0.00,0.390,0.450,0.000,0.39,0.49,0.00
LCC1,4/26/2012,8:45,W,S,S,IM,0.016,17.65,210.60,4.30,3.50,124.40,133.65,0.023,0.003,1.00,0.100,0.115,0.00,0.43,0.55,0.00,89.61,261.55,0.00,0.018,0.066,0.00,7.35,26.35,0.00,0.16,0.18,0.00,0.055,0.055,0.000,0.40,0.07,1.00
LCC1,4/26/2012,9:45,W,S,S,IM,0.017,17.87,217.30,3.80,3.36,126.50,132.50,0.003,0.003,0.00,0.070,0.100,0.00,0.43,0.78,0.00,84.89,215.22,0.00,0.012,0.058,0.00,7.08,20.78,0.00,0.17,0.25,0.00,0.060,0.030,1.000,0.88,0.60,1.00
LCC1,4/26/2012,10:45,W,S,S,IM,0.016,17.86,220.00,2.70,3.46,138.70,133.00,0.003,0.013,0.00,0.110,0.100,1.00,0.54,0.86,0.00,94.20,200.32,0.00,0.014,0.075,0.00,7.53,18.60,0.00,0.24,0.24,0.00,0.030,0.060,0.000,0.77,1.04,0.00
LCC1,4/26/2012,11:45,W,S,S,IM,0.016,17.83,224.00,2.00,3.39,138.70,134.70,0.003,0.003,0.00,0.080,0.120,0.00,0.50,0.44,1.00,84.38,202.09,0.00,0.013,0.091,0.00,7.22,19.93,0.00,0.15,0.15,0.00,0.030,0.060,0.000,0.91,0.95,0.00
LCC1,4/26/2012,12:45,W,S,S,IM,0.016,17.86,220.00,1.70,3.36,140.80,134.00,0.003,0.003,0.00,0.100,0.090,1.00,0.31,0.41,0.00,82.97,186.46,0.00,0.010,0.044,0.00,6.94,16.30,0.00,0.14,0.17,0.00,0.040,0.040,0.000,0.35,0.46,0.00
LCC1,4/26/2012,14:45,W,S,S,IM,0.015,17.82,214.60,1.50,3.36,142.80,134.80,0.003,0.003,0.00,0.110,0.100,1.00,0.41,0.79,0.00,91.37,174.72,0.00,0.008,0.040,0.00,6.82,16.25,0.00,0.17,0.25,0.00,0.060,0.040,1.000,0.53,0.64,0.00
LCC1,4/26/2012,16:45,W,S,S,IM,0.015,18.17,230.60,0.80,3.37,144.80,136.10,0.003,0.003,0.00,0.120,0.100,1.00,0.65,1.57,0.00,91.08,178.36,0.00,0.023,0.060,0.00,7.03,14.45,0.00,0.34,0.28,1.00,0.040,0.030,1.000,0.82,1.25,0.00
LCC1,4/26/2012,18:45,W,S,S,IM,0.014,18.10,226.60,0.90,3.36,157.10,136.20,0.003,0.011,0.00,0.110,0.100,1.00,0.66,0.82,0.00,86.62,161.25,0.00,0.018,0.082,0.00,6.82,13.97,0.00,0.24,0.28,0.00,0.050,0.050,0.000,0.73,1.00,0.00
LCC1,4/27/2012,9:10,W,S,S,IM,0.013,18.47,226.23,1.00,3.42,154.01,141.26,0.003,0.003,0.00,0.100,0.760,0.00,0.33,0.32,1.00,86.83,136.59,0.00,0.008,0.022,0.00,7.02,11.50,0.00,0.14,0.14,0.00,0.043,0.050,0.000,0.64,0.05,1.00
LCC1,4/28/2012,9:30,W,S,S,IM,0.013,18.75,202.70,0.90,3.48,159.15,142.35,0.003,0.003,0.00,0.200,0.075,1.00,0.39,0.43,0.00,75.61,152.56,0.00,0.008,0.030,0.00,7.29,16.28,0.00,0.18,0.19,0.00,0.050,0.040,1.000,0.33,0.41,0.00
LCC1,4/28/2012,9:40,W,S,S,IM,0.013,18.97,162.70,0.90,3.49,159.10,143.40,0.003,0.003,0.00,0.090,0.060,1.00,0.42,0.55,0.00,66.48,144.57,0.00,0.008,0.033,0.00,6.74,15.76,0.00,0.22,0.26,0.00,0.040,0.060,0.000,0.45,0.63,0.00
LCC1,4/29/2012,9:20,W,S,S,IM,0.013,18.80,153.30,4.80,3.49,149.60,142.70,0.003,0.003,0.00,0.080,0.100,0.00,0.46,0.40,1.00,69.26,168.11,0.00,0.008,0.041,0.00,6.88,20.11,0.00,0.24,0.23,1.00,0.050,0.070,0.000,0.62,0.91,0.00
LCC1,4/29/2012,9:30,W,S,S,IM,0.013,18.87,216.00,0.70,3.47,165.20,144.90,0.003,0.003,0.00,0.090,0.090,0.00,0.41,0.52,0.00,71.87,138.14,0.00,0.013,0.025,0.00,7.03,14.68,0.00,0.25,0.26,0.00,0.040,0.050,0.000,0.75,0.68,1.00
LCC2,1/25/2013,13:50,W,W,S,IM,0.008,19.53,232.00,4.70,4.98,151.70,133.30,0.003,0.003,0.00,0.090,0.120,0.00,0.30,0.37,0.00,52.20,247.46,0.00,0.006,0.045,0.00,4.98,28.06,0.00,0.12,0.16,0.00,0.080,0.010,1.000,63.61,86.32,0.00
LCC2,1/25/2013,14:50,W,W,S,IM,0.009,19.57,209.30,6.00,4.92,153.80,128.40,0.003,0.003,0.00,0.100,0.150,0.00,0.41,0.49,0.00,59.60,251.20,0.00,0.071,0.055,1.00,5.32,30.40,0.00,0.13,0.18,0.00,0.050,0.060,0.000,29.81,153.75,0.00
LCC2,1/25/2013,15:25,W,W,S,IM,0.009,19.36,205.30,3.30,4.97,151.70,130.70,0.003,0.006,0.00,0.080,0.110,0.00,0.39,0.48,0.00,58.80,282.06,0.00,0.003,0.063,0.00,5.81,33.33,0.00,0.13,0.17,0.00,0.030,0.030,0.000,48.59,63.08,0.00
LCC2,1/25/2013,16:55,W,W,S,IM,0.009,19.28,270.70,4.90,4.97,151.70,129.10,0.003,0.003,0.00,0.090,0.110,0.00,0.29,0.35,0.00,58.98,214.11,0.00,0.003,0.037,0.00,5.63,22.97,0.00,0.10,0.15,0.00,0.620,0.040,1.000,19.63,115.20,0.00
LCC2,1/25/2013,18:15,W,W,S,IM,0.009,19.18,269.30,3.70,4.95,149.60,131.00,0.003,0.003,0.00,0.080,0.110,0.00,0.32,0.42,0.00,58.85,258.40,0.00,0.003,0.054,0.00,5.01,26.98,0.00,0.09,0.16,0.00,0.040,0.030,1.000,21.28,109.14,0.00
LCC2,1/25/2013,19:55,W,W,S,IM,0.009,19.27,206.70,3.60,4.94,153.80,129.20,0.006,0.003,0.00,0.100,0.170,0.00,0.29,0.34,0.00,56.98,213.05,0.00,0.003,0.046,0.00,5.02,21.93,0.00,0.15,0.17,0.00,0.030,0.060,0.000,90.36,108.39,0.00
LCC2,1/25/2013,21:25,W,W,S,IM,0.010,19.84,206.70,3.90,4.89,151.70,130.10,0.003,0.003,0.00,0.110,0.120,0.00,0.29,0.39,0.00,66.09,229.65,0.00,0.006,0.038,0.00,4.18,23.32,0.00,0.11,0.13,0.00,0.040,0.030,1.000,0.41,0.58,0.00
LCC2,1/25/2013,22:45,W,W,S,IM,0.010,19.72,197.30,4.70,4.85,151.70,130.70,0.003,0.007,0.00,0.060,0.140,0.00,0.30,0.35,0.00,60.00,246.80,0.00,0.003,0.049,0.00,3.51,24.32,0.00,0.11,0.13,0.00,0.040,0.050,0.000,0.27,0.67,0.00
LCC2,1/26/2013,2:25,W,W,S,IM,0.010,20.43,209.30,4.40,4.92,149.60,130.80,0.003,0.007,0.00,0.070,0.150,0.00,0.63,1.14,0.00,60.21,280.44,0.00,0.008,0.059,0.00,3.80,30.24,0.00,0.21,0.30,0.00,0.060,0.080,0.000,0.73,1.35,0.00
LCC2,1/26/2013,4:20,W,W,S,IM,0.011,20.82,208.00,1.80,4.99,151.70,133.10,0.005,0.005,0.00,0.060,0.240,0.00,0.39,0.65,0.00,60.98,268.64,0.00,0.003,0.054,0.00,3.75,27.52,0.00,0.18,0.48,0.00,0.090,0.060,1.000,0.36,10.37,0.00
LCC2,1/26/2013,10:45,W,W,S,IM,0.009,22.12,190.70,0.50,5.18,151.70,129.10,0.003,0.003,0.00,0.140,0.100,1.00,1.01,0.59,1.00,58.47,160.05,0.00,0.003,0.025,0.00,3.57,12.25,0.00,0.24,0.22,1.00,0.050,0.020,1.000,0.63,0.60,1.00
LCC2,1/27/2013,9:45,W,W,S,IM,0.008,23.49,190.00,0.03,5.52,155.85,130.35,0.009,0.003,1.00,0.135,0.100,1.00,0.57,0.47,1.00,50.92,92.41,0.00,0.006,0.009,0.00,4.34,7.47,0.00,0.24,0.25,0.00,0.050,0.045,0.000,0.96,0.40,1.00
LCC2,1/28/2013,11:00,W,W,S,IM,0.007,23.88,244.00,0.80,5.71,157.87,142.76,0.008,0.003,0.00,0.090,0.040,1.00,0.58,0.56,1.00,37.82,56.36,0.00,0.006,0.011,0.00,4.87,6.36,0.00,0.23,0.28,0.00,0.050,0.050,0.000,0.76,0.79,0.00
LCC2,1/29/2013,9:55,W,W,S,IM,0.006,24.14,216.00,0.03,6.65,166.00,149.40,0.003,0.003,0.00,0.080,0.040,1.00,0.20,0.23,0.00,30.20,48.84,0.00,0.003,0.008,0.00,5.17,6.40,0.00,0.10,0.11,0.00,0.045,0.050,0.000,0.58,0.77,0.00
SANT1,12/13/2012,0:35,W,W,S,S,0.003,24.83,770.00,1.80,236.45,555.55,296.20,0.017,0.012,0.00,0.025,0.010,1.00,0.41,0.46,0.00,13.23,22.80,0.00,0.012,0.017,0.00,15.87,19.14,0.00,0.35,0.43,0.00,0.360,0.275,1.000,37.05,41.01,0.00
SANT1,12/13/2012,1:05,W,W,S,S,0.002,NA,NA,NA,NA,NA,NA,NA,NA,0.00,NA,NA,#VALUE!,NA,NA,#VALUE!,NA,NA,#VALUE!,NA,NA,#VALUE!,NA,NA,#VALUE!,NA,NA,#VALUE!,NA,NA,#VALUE!,NA,NA,#VALUE!
SANT1,12/13/2012,1:35,W,W,S,S,0.002,25.72,789.00,0.60,253.60,568.80,342.40,0.003,0.003,0.00,0.040,0.005,1.00,0.40,0.39,1.00,12.32,14.39,0.00,0.003,0.010,0.00,14.92,16.35,0.00,0.33,0.32,1.00,0.280,0.380,0.000,36.52,35.90,1.00
SANT1,12/13/2012,2:35,W,W,S,S,0.003,NA,NA,NA,NA,NA,NA,NA,NA,0.00,NA,NA,#VALUE!,NA,NA,#VALUE!,NA,NA,#VALUE!,NA,NA,#VALUE!,NA,NA,#VALUE!,NA,NA,#VALUE!,NA,NA,#VALUE!,NA,NA,#VALUE!
SANT1,12/13/2012,3:35,W,W,S,S,0.002,25.44,782.00,9.40,249.20,569.20,364.90,0.003,0.003,0.00,0.070,0.030,1.00,0.47,0.46,1.00,11.79,16.02,0.00,0.003,0.009,0.00,16.89,20.37,0.00,0.37,0.33,1.00,0.410,0.410,0.000,43.30,43.69,0.00
SANT1,12/13/2012,4:35,W,W,S,S,0.003,25.11,771.00,0.80,245.55,348.50,554.60,0.011,0.013,0.00,0.060,0.020,1.00,0.55,0.49,1.00,13.33,19.47,0.00,0.008,0.008,0.00,19.78,20.28,0.00,0.42,0.41,1.00,0.450,0.460,0.000,57.99,58.60,0.00
SANT1,12/13/2012,6:00,W,W,S,S,0.004,22.37,684.00,2.80,221.05,307.50,493.20,0.013,0.005,1.00,0.090,0.030,1.00,0.46,0.61,0.00,25.35,40.87,0.00,0.003,0.088,0.00,20.32,30.71,0.00,0.38,0.40,0.00,0.370,0.440,0.000,32.26,33.80,0.00
SANT1,12/13/2012,8:00,W,W,S,S,0.007,24.18,713.00,2.70,241.95,313.60,514.70,0.005,0.025,0.00,0.090,0.080,1.00,0.77,0.90,0.00,11.83,74.87,0.00,0.003,0.050,0.00,15.38,28.01,0.00,0.50,0.51,0.00,0.550,0.480,1.000,164.30,173.19,0.00
SANT1,12/13/2012,9:00,W,W,S,S,0.004,24.52,740.00,1.00,253.63,326.00,536.40,0.016,0.025,0.00,0.090,0.010,1.00,0.90,0.98,0.00,12.58,23.76,0.00,0.003,0.011,0.00,12.86,17.33,0.00,0.46,0.53,0.00,0.490,0.510,0.000,1.19,0.69,1.00
SANT1,12/13/2012,11:00,W,W,S,S,0.003,25.44,778.00,0.25,259.48,336.20,554.90,0.012,0.005,1.00,0.150,0.003,1.00,0.61,0.66,0.00,12.36,25.04,0.00,0.003,0.012,0.00,11.82,19.87,0.00,0.45,0.47,0.00,0.420,0.450,0.000,124.85,135.51,0.00
SANT1,12/13/2012,13:30,W,W,S,S,0.003,25.42,782.00,3.20,262.18,576.40,367.00,0.003,0.015,0.00,0.070,0.010,1.00,0.79,0.79,0.00,14.28,33.44,0.00,0.003,0.017,0.00,11.00,21.50,0.00,0.45,0.47,0.00,0.390,0.370,1.000,8.49,1.83,1.00
SANT1,12/13/2012,16:00,W,W,S,S,0.003,25.00,783.00,0.03,265.60,591.00,342.40,0.003,0.013,0.00,0.080,0.020,1.00,0.59,0.82,0.00,9.32,35.63,0.00,0.003,0.039,0.00,10.12,23.83,0.00,0.40,0.46,0.00,0.450,0.470,0.000,1.67,0.66,1.00
SANT1,12/14/2012,9:35,W,W,S,S,0.003,25.50,765.50,1.00,276.67,584.00,354.60,0.016,0.000,1.00,0.100,0.040,1.00,1.00,1.00,0.00,12.50,16.00,0.00,0.003,0.003,0.00,11.50,13.00,0.00,0.43,0.40,1.00,0.460,0.390,1.000,1.00,1.50,0.00
SANT1,12/15/2012,9:15,W,W,S,S,0.004,23.75,778.00,0.90,273.33,571.25,344.25,0.012,0.013,0.00,0.088,0.058,1.00,1.00,1.00,0.00,12.25,13.25,0.00,0.025,0.010,1.00,10.50,11.00,0.00,0.39,0.45,0.00,0.468,0.518,0.000,2.00,1.25,1.00
SANT1,12/16/2012,9:30,W,W,S,S,0.003,23.92,778.00,0.25,273.57,348.50,572.43,0.011,0.007,0.00,0.090,0.053,1.00,0.75,0.72,1.00,12.18,13.39,0.00,0.017,0.008,1.00,10.27,11.18,0.00,0.41,0.41,0.00,0.460,0.463,0.000,1.57,1.32,1.00
SANT1,12/17/2012,11:00,W,W,S,S,0.003,NA,NA,NA,NA,NA,NA,NA,NA,0.00,NA,NA,#VALUE!,NA,NA,#VALUE!,NA,NA,#VALUE!,NA,NA,#VALUE!,NA,NA,#VALUE!,NA,NA,#VALUE!,NA,NA,#VALUE!,NA,NA,#VALUE!
SANT2,2/19/2013,15:10,W,W,S,S,0.019,16.13,517.00,1.20,154.35,360.35,348.50,0.013,0.003,1.00,0.005,0.005,0.00,0.28,0.39,0.00,3.85,8.64,0.00,0.003,0.003,0.00,2.95,4.49,0.00,0.23,0.18,1.00,0.710,0.875,0.000,2.21,2.53,0.00
SANT2,2/19/2013,16:10,W,W,S,S,0.019,16.59,461.00,0.70,164.51,366.90,226.00,0.006,0.003,0.00,0.030,0.040,0.00,0.35,1.07,0.00,5.81,6.42,0.00,0.003,0.003,0.00,2.58,4.60,0.00,0.24,0.29,0.00,0.840,0.680,1.000,1.82,5.04,0.00
SANT2,2/19/2013,18:10,W,W,S,S,0.019,15.80,471.00,0.60,163.31,362.70,228.00,0.003,0.003,0.00,0.005,0.005,0.00,0.44,0.34,1.00,4.46,6.45,0.00,0.003,0.003,0.00,2.74,4.49,0.00,0.25,0.24,1.00,0.700,0.700,0.000,1.98,1.82,1.00
SANT2,2/19/2013,20:10,W,W,S,S,0.021,15.94,449.00,1.70,161.85,357.80,228.00,0.003,0.006,0.00,0.005,0.005,0.00,0.54,0.37,1.00,5.71,8.99,0.00,0.003,0.003,0.00,2.57,4.85,0.00,0.29,0.20,1.00,0.740,0.990,0.000,1.97,3.44,0.00
SANT2,2/19/2013,21:00,W,W,S,S,0.022,15.72,448.00,1.10,161.53,359.80,234.00,0.006,0.003,0.00,0.005,0.005,0.00,0.38,0.28,1.00,4.00,16.99,0.00,0.003,0.003,0.00,2.09,10.17,0.00,0.19,0.22,0.00,0.780,0.840,0.000,1.64,2.00,0.00
SANT2,2/19/2013,22:30,W,W,S,S,0.023,14.91,449.00,0.60,157.75,343.20,226.00,0.008,0.003,0.00,0.005,0.080,0.00,0.38,0.47,0.00,10.10,18.52,0.00,0.003,0.012,0.00,2.38,9.74,0.00,0.28,0.28,0.00,0.840,0.860,0.000,1.40,1.56,0.00
SANT2,2/19/2013,23:30,W,W,S,S,0.025,14.83,0.05,0.03,156.28,348.30,230.00,0.003,0.011,0.00,0.005,0.070,0.00,0.22,0.28,0.00,4.61,13.96,0.00,0.003,0.003,0.00,2.46,8.64,0.00,0.16,0.23,0.00,0.540,0.670,0.000,1.70,2.64,0.00
SANT2,2/20/2013,1:00,W,W,S,S,0.025,15.37,456.00,0.60,160.67,352.40,219.00,0.003,0.003,0.00,0.005,0.030,0.00,0.26,0.30,0.00,2.52,12.23,0.00,0.003,0.003,0.00,2.15,4.76,0.00,0.21,0.22,0.00,0.940,0.800,1.000,1.33,1.85,0.00
SANT2,2/20/2013,3:00,W,W,S,S,0.025,15.26,459.00,0.60,162.20,352.70,230.00,0.003,0.003,0.00,0.005,0.010,0.00,0.27,0.24,1.00,3.40,8.05,0.00,0.003,0.003,0.00,2.07,4.03,0.00,0.18,0.18,0.00,1.070,1.110,0.000,37.98,73.35,0.00
SANT2,2/20/2013,5:00,W,W,S,S,0.025,15.21,461.00,0.70,161.95,355.10,230.00,0.003,0.006,0.00,0.005,0.030,0.00,0.26,0.23,1.00,1.51,9.20,0.00,0.003,0.003,0.00,2.08,4.16,0.00,0.30,0.24,1.00,0.730,1.040,0.000,19.04,24.72,0.00
SANT2,2/20/2013,7:00,W,W,S,S,0.025,15.54,435.00,0.03,163.41,367.40,226.00,0.003,0.003,0.00,0.005,0.010,0.00,0.29,0.17,1.00,4.25,6.88,0.00,0.003,0.003,0.00,2.06,3.53,0.00,0.11,0.16,0.00,0.860,0.890,0.000,28.41,53.57,0.00
SANT2,2/21/2013,8:00,W,W,S,S,0.023,15.37,482.00,0.03,157.55,344.30,224.00,0.011,0.016,0.00,0.005,0.020,0.00,0.24,0.25,0.00,2.87,4.78,0.00,0.086,0.024,1.00,0.54,0.87,0.00,0.19,0.20,0.00,1.053,1.100,0.000,33.30,41.07,0.00
SANT2,2/22/2013,7:35,W,W,S,S,0.022,15.32,492.00,0.03,161.39,346.40,228.00,0.111,0.006,1.00,0.005,0.005,0.00,0.20,0.32,0.00,3.94,6.62,0.00,0.030,0.003,1.00,2.02,3.36,0.00,0.23,0.29,0.00,0.870,0.810,1.000,2.28,1.67,1.00
SANT2,2/23/2013,9:07,W,W,S,S,0.020,15.16,504.70,0.03,157.06,351.50,224.00,0.035,0.007,1.00,0.005,0.005,0.00,0.38,0.42,0.00,3.93,8.22,0.00,0.034,0.003,1.00,2.12,4.21,0.00,0.21,0.25,0.00,0.876,0.977,0.000,1.99,1.86,1.00
VRBM1,2/26/2014,21:30,W,W,M,S,0.005,25.50,540,25,233.86,192,370.3,0.02,0.017,0.00,0.005,0.19,0.00,1.241,1.527,0.00,86.155,309.065,0.00,0.00,0.1545,0.00,35.058,62.502,0.00,0.27,0.72,0.00,0.1,0.21,0.000,27.24,138.19,0.00
VRBM1,2/26/2014,22:00,W,W,M,S,0.006,25.44,580,57,237.7,191,374.5,0.02,0.024,0.00,0.005,0.17,0.00,1.248,1.939,0.00,88.78,470.06,0.00,0.049,0.28,0.00,35.194,62.17,0.00,0.36,1.61,0.00,0.11,0.11,0.000,27.25,136.16,0.00
VRBM1,2/26/2014,22:30,W,W,M,S,0.007,25.72,620,86.1,243.72,190,377.3,0.02,0.015,0.00,0.005,0.29,0.00,1.491,3.402,0.00,90.56,1048.77,0.00,0.123,0.654,0.00,45.381,130.545,0.00,0.38,0.81,0.00,0.16,0.22,0.000,11.74,12,0.00
VRBM1,2/26/2014,23:00,W,W,M,S,0.008,25.00,520,24.8,256.98,198,359.4,0.00,0.019,0.00,0.005,0.18,0.00,1.726,2.016,0.00,90.05,359.84,0.00,0.071,0.215,0.00,44.911,65.217,0.00,0.4,0.85,0.00,0.09,0.11,0.000,27.3,185.13,0.00
VRBM1,2/26/2014,23:30,W,W,M,S,0.008,25.44,640,31,263.34,186,372.1,0.01,0.055,0.00,0.03,0.27,0.00,1.73,2.281,0.00,93.4,430.45,0.00,0.353,0.353,0.00,44.894,75.195,0.00,0.42,2.71,0.00,0.18,0.18,0.000,12.7,12.7,0.00
VRBM1,2/27/2014,0:00,W,W,M,S,0.010,25.11,580,131,286.56,176,374.7,0.00,0.018,0.00,0.005,1.03,0.00,1.867,5.957,0.00,100.14,1917.36,0.00,0.601,1.078,0.00,46.582,201.726,0.00,0.45,1.02,0.00,0.08,0.08,0.000,11.01,15.57,0.00
VRBM1,2/27/2014,0:30,W,W,M,S,0.010,22.37,628,37.3,340.4,180,389.2,0.00,0.026,0.00,0.005,0.28,0.00,2.1,2.606,0.00,102.36,519,0.00,0.07,0.296,0.00,45.669,73.653,0.00,0.55,1.07,0.00,0.2,0.35,0.000,26.89,74.62,0.00
VRBM1,2/27/2014,1:00,W,W,M,S,0.010,23.75,620,30.5,321.1,178,412.3,0.01,0.012,0.00,0.005,0.23,0.00,1.951,2.547,0.00,108.72,485.31,0.00,0.07,0.262,0.00,46.519,68.127,0.00,0.54,1.2,0.00,0.09,0.13,0.000,10.11,10.11,0.00
VRBM1,2/27/2014,1:30,W,W,M,S,0.010,24.52,684,33.6,307.3,176,435.4,0.00,0.013,0.00,0.005,0.29,0.00,1.947,2.58,0.00,106.75,528.44,0.00,0.057,0.292,0.00,45.636,70.249,0.00,0.6,1.06,0.00,0.31,0.31,0.000,23.61,140.71,0.00
VRBM1,2/27/2014,2:00,W,W,M,S,0.011,24.18,620,24,373.25,180,457.1,0.00,0.008,0.00,0.005,0.39,0.00,2.049,2.635,0.00,116.94,443.06,0.00,0.067,0.259,0.00,46.019,59.987,0.00,0.61,0.77,0.00,0.3,0.3,0.000,9.69,4.85,1.00
VRBM1,2/27/2014,3:00,W,W,M,S,0.010,25.42,740,11.3,410.25,182,497.8,0.00,0.01,0.00,0.005,0.12,0.00,2.14,2.14,0.00,125.59,276.19,0.00,0.051,0.118,0.00,44.687,53.35,0.00,0.63,0.64,0.00,0.25,0.26,0.000,9.3,9.3,0.00
VRBM1,2/27/2014,4:30,W,W,M,S,0.008,24.83,880,7.3,439.84,200,536.3,0.00,0.0025,0.00,0.060,0.07,0.00,2.115,2.115,0.00,127.33,212.13,0.00,0.037,0.072,0.00,30.22,36.19,0.00,0.65,0.75,0.00,0.4,0.4,0.000,8.49,8.49,0.00
VRBM1,2/27/2014,6:00,W,W,M,S,0.005,24.52,760,3.4,473.6,202,559.1,0.01,0.022,0.00,0.005,0.03,0.00,1.814,1.814,0.00,122.43,174.03,0.00,0,0.056,0.00,17.84,23.805,0.00,0.6,0.7,0.00,0.24,0.24,0.000,7.46,7.46,0.00
VRBM1,2/27/2014,7:30,W,W,M,S,0.102,25.11,800,1.7,450.45,208,559.8,0.00,0.013,0.00,0.005,0.02,0.00,1.392,1.479,0.00,123.01,173.61,0.00,0.02,0.033,0.00,12.182,14.152,0.00,0.55,0.6,0.00,0.16,0.42,0.000,6.3,6.3,0.00
VRBM1,2/27/2014,9:30,W,W,M,S,0.131,23.92,880,1.3,427.45,214,559.5,0.00,0.007,0.00,0.005,0.005,0.00,1.193,0.92,1.00,118.30,145.08,0.00,0.016,0.021,0.00,9.295,10.876,0.00,0.6,0.6,0.00,0.18,0.24,0.000,6.93,6.93,0.00
VRMT3,2/26/2014,21:55,W,W,L,S,0.006,15.26,680,1.9,349.85,196,501.3,0.0025,0.0025,0.00,0.005,0.1,0.00,0.794,0.794,0.00,106.16,187.75,0.00,0.037,0.056,0.00,13.252,14.964,0.00,0.33,0.33,0.00,0.93,0.93,0.000,77.53,85.05,0.00
VRMT3,2/26/2014,22:40,W,W,L,S,0.007,15.37,700,5.6,332.8,194,492.3,0.0025,0.0025,0.00,0.005,0.04,0.00,0.773,1.005,0.00,105.12,174.24,0.00,0.04,0.047,0.00,22.092,24.067,0.00,0.28,0.34,0.00,0.91,0.91,0.000,53.36,55.01,0.00
VRMT3,2/26/2014,23:10,W,W,L,S,0.007,16.13,720,11.7,329.7,184,477.9,0.0025,0.034,0.00,0.005,0.07,0.00,0.932,0.932,0.00,106.44,206.96,0.00,0.05,0.062,0.00,27.644,32.173,0.00,0.28,0.45,0.00,0.77,0.95,0.000,29.26,179,0.00
VRMT3,2/26/2014,23:40,W,W,L,S,0.008,16.59,680,22.1,338.15,198,476.7,0.0025,0.021,0.00,0.005,0.14,0.00,1.008,1.247,0.00,104.67,301.17,0.00,0.025,0.093,0.00,31.92,40.489,0.00,0.31,0.46,0.00,0.6,0.6,0.000,7.96,7.96,0.00
VRMT3,2/27/2014,0:10,W,W,L,S,0.008,15.80,680,10.7,336.7,174,468.9,0.0025,0.0025,0.00,0.005,0.09,0.00,0.851,1.127,0.00,105.45,253.74,0.00,0.029,0.076,0.00,36.141,41.342,0.00,0.32,0.47,0.00,1.02,1.02,0.000,36.54,88.67,0.00
VRMT3,2/27/2014,0:40,W,W,L,S,0.008,15.94,720,10.3,358.05,176,481.4,0.0025,0.016,0.00,0.005,0.08,0.00,1.134,1.374,0.00,104.01,225.65,0.00,0.029,0.07,0.00,38.725,44.186,0.00,0.34,0.42,0.00,0.7,0.7,0.000,8.29,8.29,0.00
VRMT3,2/27/2014,2:10,W,W,L,S,0.010,15.72,780,20,388.1,166,494.9,0.0025,0.017,0.00,0.005,0.17,0.00,1.558,1.93,0.00,114.57,364.33,0.00,0.066,0.126,0.00,49.82,62.138,0.00,0.39,0.64,0.00,0.91,0.91,0.000,8.67,8.67,0.00
VRMT3,2/27/2014,3:20,W,W,L,S,0.009,15.16,740,12.2,454.24,164,528.1,0.0025,0.025,0.00,0.005,0.08,0.00,1.687,1.687,0.00,124.93,209.91,0.00,0.036,0.085,0.00,53.469,56.387,0.00,0.46,0.68,0.00,0.83,0.87,0.000,29.31,104.4,0.00
VRMT3,2/27/2014,5:00,W,W,L,S,0.007,14.91,860,2.8,478.9,168,573.5,0.0025,0.021,0.00,0.005,0.04,0.00,1.631,1.631,0.00,133.45,196.9,0.00,0.04,0.08,0.00,45.507,46.747,0.00,0.51,0.52,0.00,0.98,0.98,0.000,8.42,8.42,0.00
VRMT3,2/27/2014,7:00,W,W,L,S,0.005,14.83,960,2.2,508.45,176,592.4,0.0025,0.006,0.00,0.005,0.02,0.00,1.482,1.506,0.00,139.32,173.45,0.00,0.041,0.038,0.00,30.559,31.678,0.00,0.5,0.55,0.00,1.02,1.02,0.000,6.86,6.86,0.00
SJC,3/25/2012,20:30,W,W,L,IM,0.1896,41.85,2.3,363.5,77.16,86.7,155.3,0.015,0.018,0.00,0.18,0.33,0.00,1.2,1.26,0.00,97.755,381.88,#REF!,0.145,0.4495,0.00,18.535,26.405,0.00,0.42,0.495,0.00,0.355,0.465,0.000,1.74,2.715,0.00
SJC,3/25/2012,22:30,W,W,L,IM,0.1910,33.84,0,356,91.17,108.1,192.5,0.012,0.012,0.00,0.2,0.1,1.00,0.74,0.75,0.00,41.71,101.15,#REF!,0.015,0.028,0.00,12.08,15.85,0.00,0.34,0.36,0.00,0.47,0.57,0.000,1.29,1.27,1.00
SJC,3/26/2012,0:30,W,W,L,IM,0.2348,43.81,1.7,364,75.43,106.1,145.9,0.011,0.022,0.00,0.53,0.39,1.00,0.93,1.26,0.00,93.29,448.15,#REF!,0.133,0.566,0.00,14.57,28.09,0.00,0.39,0.5,0.00,0.46,0.42,1.000,1.48,3.07,0.00
SJC,3/26/2012,2:30,W,W,L,IM,0.2522,37.62,0.6,359,86.62,110.2,180.9,0.01,0.014,0.00,0.2,0.12,1.00,0.78,0.92,0.00,40.46,107.19,#REF!,0.011,0.031,0.00,9.33,14.36,0.00,0.34,0.41,0.00,0.47,0.49,0.000,1.15,0.99,1.00
SJC,3/26/2012,4:30,W,W,L,IM,0.2407,36.64,0.8,336,86.27,110.2,179,0.011,0.018,0.00,0.37,0.09,1.00,0.76,0.73,1.00,40.08,102.44,#REF!,0.01,0.028,0.00,8.4,13.29,0.00,0.33,0.34,0.00,0.5,0.51,0.000,1.09,0.92,1.00
SJC,3/26/2012,6:30,W,W,L,IM,0.2656,36.65,0,353,85.95,110.2,185.4,0.01,0.000,1.00,0.15,0.14,1.00,0.99,0.93,1.00,40,108.19,#REF!,0.009,0.032,0.00,8.58,13.17,0.00,0.35,0.46,0.00,0.57,0.58,0.000,1.2,0.96,1.00
SJC,3/26/2012,8:30,W,W,L,IM,0.2991,35.73,0.6,339,86.34,112.2,178.8,0.01,0.015,0.00,0.25,0.11,1.00,0.75,0.83,0.00,34.43,94.6,#REF!,0.017,0.03,0.00,7.25,11.14,0.00,0.3,0.38,0.00,0.5,0.49,1.000,0.89,0.88,1.00
SJC,3/26/2012,10:30,W,W,L,IM,0.3026,35.33,0,341,84.53,111.2,189.2,0.01,0.015,0.00,0.16,0.1,1.00,0.94,0.965,0.00,33.66,88.62,#REF!,0.013,0.0325,0.00,7.1,11.005,0.00,0.385,0.395,0.00,0.505,0.5,0.000,1.13,1.215,0.00
SJC,3/26/2012,13:30,W,W,L,IM,0.2940,35.5,0,329,85.02,112.2,187.7,0.011,0.013,0.00,0.22,0.08,1.00,0.94,0.96,0.00,28.22,74.04,#REF!,0.011,0.027,0.00,5.96,9.2,0.00,0.28,0.4,0.00,0.53,0.55,0.000,1.09,1.32,0.00
SJC,3/26/2012,16:30,W,W,L,IM,0.3046,34.65,0,337,85.06,112.2,179.5,0.01,0.015,0.00,0.2,0.13,1.00,0.82,0.81,1.00,25.83,71.21,#REF!,0.011,0.025,0.00,5.42,8.76,0.00,0.32,0.4,0.00,0.56,0.63,0.000,1.21,1.01,1.00
SJC,3/26/2012,19:30,W,W,L,IM,0.2558,34.35,0,294.5,86.6,110.2,185.3,0,0.018,0.00,0.22,0.08,1.00,0.94,0.88,1.00,27.66,79.41,#REF!,0.007,0.025,0.00,6.23,9.28,0.00,0.29,0.4,0.00,0.55,0.6,0.000,1.06,1.19,0.00
SJC,3/27/2012,8:00,W,W,L,IM,0.2584,32.89,0.3,299,90.005,107.1,192.3,0.0055,0.014,0.00,0.195,0.135,1.00,1.04,0.775,1.00,33.815,104.085,#REF!,0.0155,0.0325,0.00,7.7,12.87,0.00,0.355,0.365,0.00,0.655,0.63,1.000,37.885,38.955,0.00
SJC,3/28/2012,8:00,W,W,L,IM,0.1914,34.235,0.3,346.5,90.34,114.775,191.75,0.0125,0.014,0.00,0.185,0.055,1.00,0.7725,0.57,1.00,33.8,72.665,#REF!,0.009,0.03075,0.00,8.9075,11.355,0.00,0.26,0.2675,0.00,0.6025,0.6125,0.000,10.07,11.7975,0.00
SJC,3/29/2012,8:00,W,W,L,IM,0.1492,35.88,0.55,362,93.68,119.35,195.45,0.013,0.012,1.00,0.185,0.08,1.00,0.86,0.665,1.00,39.73,87.305,#REF!,0.0075,0.0235,0.00,10.87,13.915,0.00,0.285,0.33,0.00,0.59,0.66,0.000,27.195,30.035,0.00
